id,city,date,player_of_match,venue,neutral_venue,team1,team2,toss_winner,toss_decision,winner,result,result_margin,eliminator,method,umpire1,umpire2
1216492,Abu Dhabi,2020-09-19,AT Rayudu,Sheikh Zayed Stadium,0,Mumbai Indians,Chennai Super Kings,Chennai Super Kings,field,Chennai Super Kings,wickets,5,N,NA,CB Gaffaney,VK Sharma
1216493,NA,2020-09-20,MP Stoinis,Dubai International Cricket Stadium,0,Delhi Capitals,Kings XI Punjab,Kings XI Punjab,field,Delhi Capitals,tie,NA,Y,NA,AK Chaudhary,Nitin Menon
1216534,NA,2020-09-21,YS Chahal,Dubai International Cricket Stadium,0,Royal Challengers Bangalore,Sunrisers Hyderabad,Sunrisers Hyderabad,field,Royal Challengers Bangalore,runs,10,N,NA,AY Dandekar,Nitin Menon
1216496,NA,2020-09-22,SV Samson,Sharjah Cricket Stadium,0,Rajasthan Royals,Chennai Super Kings,Chennai Super Kings,field,Rajasthan Royals,runs,16,N,NA,C Shamshuddin,VA Kulkarni
1216508,Abu Dhabi,2020-09-23,RG Sharma,Sheikh Zayed Stadium,0,Mumbai Indians,Kolkata Knight Riders,Kolkata Knight Riders,field,Mumbai Indians,runs,49,N,NA,CB Gaffaney,S Ravi
1216510,NA,2020-09-24,KL Rahul,Dubai International Cricket Stadium,0,Kings XI Punjab,Royal Challengers Bangalore,Royal Challengers Bangalore,field,Kings XI Punjab,runs,97,N,NA,AK Chaudhary,PR Reiffel
1216539,NA,2020-09-25,PP Shaw,Dubai International Cricket Stadium,0,Delhi Capitals,Chennai Super Kings,Chennai Super Kings,field,Delhi Capitals,runs,44,N,NA,KN Ananthapadmanabhan,RK Illingworth
1216545,Abu Dhabi,2020-09-26,Shubman Gill,Sheikh Zayed Stadium,0,Sunrisers Hyderabad,Kolkata Knight Riders,Sunrisers Hyderabad,bat,Kolkata Knight Riders,wickets,7,N,NA,CB Gaffaney,VK Sharma
1216527,NA,2020-09-27,SV Samson,Sharjah Cricket Stadium,0,Kings XI Punjab,Rajasthan Royals,Rajasthan Royals,field,Rajasthan Royals,wickets,4,N,NA,RK Illingworth,K Srinivasan
1216547,NA,2020-09-28,AB de Villiers,Dubai International Cricket Stadium,0,Royal Challengers Bangalore,Mumbai Indians,Mumbai Indians,field,Royal Challengers Bangalore,tie,NA,Y,NA,Nitin Menon,PR Reiffel
1216532,Abu Dhabi,2020-09-29,Rashid Khan,Sheikh Zayed Stadium,0,Sunrisers Hyderabad,Delhi Capitals,Delhi Capitals,field,Sunrisers Hyderabad,runs,15,N,NA,VK Sharma,S Ravi
1216504,NA,2020-09-30,Shivam Mavi,Dubai International Cricket Stadium,0,Kolkata Knight Riders,Rajasthan Royals,Rajasthan Royals,field,Kolkata Knight Riders,runs,37,N,NA,KN Ananthapadmanabhan,C Shamshuddin
1216503,Abu Dhabi,2020-10-01,KA Pollard,Sheikh Zayed Stadium,0,Mumbai Indians,Kings XI Punjab,Kings XI Punjab,field,Mumbai Indians,runs,48,N,NA,VK Sharma,S Ravi
1216516,NA,2020-10-02,PK Garg,Dubai International Cricket Stadium,0,Sunrisers Hyderabad,Chennai Super Kings,Sunrisers Hyderabad,bat,Sunrisers Hyderabad,runs,7,N,NA,AK Chaudhary,PR Reiffel
1216514,Abu Dhabi,2020-10-03,YS Chahal,Sheikh Zayed Stadium,0,Rajasthan Royals,Royal Challengers Bangalore,Rajasthan Royals,bat,Royal Challengers Bangalore,wickets,8,N,NA,CB Gaffaney,S Ravi
1216515,NA,2020-10-03,SS Iyer,Sharjah Cricket Stadium,0,Delhi Capitals,Kolkata Knight Riders,Kolkata Knight Riders,field,Delhi Capitals,runs,18,N,NA,VA Kulkarni,RK Illingworth
1216513,NA,2020-10-04,SR Watson,Dubai International Cricket Stadium,0,Kings XI Punjab,Chennai Super Kings,Kings XI Punjab,bat,Chennai Super Kings,wickets,10,N,NA,AY Dandekar,Nitin Menon
1216538,NA,2020-10-04,TA Boult,Sharjah Cricket Stadium,0,Mumbai Indians,Sunrisers Hyderabad,Mumbai Indians,bat,Mumbai Indians,runs,34,N,NA,KN Ananthapadmanabhan,RK Illingworth
1216519,NA,2020-10-05,AR Patel,Dubai International Cricket Stadium,0,Delhi Capitals,Royal Challengers Bangalore,Royal Challengers Bangalore,field,Delhi Capitals,runs,59,N,NA,Nitin Menon,YC Barde
1216511,Abu Dhabi,2020-10-06,SA Yadav,Sheikh Zayed Stadium,0,Mumbai Indians,Rajasthan Royals,Mumbai Indians,bat,Mumbai Indians,runs,57,N,NA,VK Sharma,S Ravi
1216501,Abu Dhabi,2020-10-07,RA Tripathi,Sheikh Zayed Stadium,0,Kolkata Knight Riders,Chennai Super Kings,Kolkata Knight Riders,bat,Kolkata Knight Riders,runs,10,N,NA,KN Ananthapadmanabhan,RK Illingworth
1216542,NA,2020-10-08,JM Bairstow,Dubai International Cricket Stadium,0,Sunrisers Hyderabad,Kings XI Punjab,Sunrisers Hyderabad,bat,Sunrisers Hyderabad,runs,69,N,NA,AK Chaudhary,Nitin Menon
1216500,NA,2020-10-09,R Ashwin,Sharjah Cricket Stadium,0,Delhi Capitals,Rajasthan Royals,Rajasthan Royals,field,Delhi Capitals,runs,46,N,NA,KN Ananthapadmanabhan,C Shamshuddin
1216523,Abu Dhabi,2020-10-10,KD Karthik,Sheikh Zayed Stadium,0,Kolkata Knight Riders,Kings XI Punjab,Kolkata Knight Riders,bat,Kolkata Knight Riders,runs,2,N,NA,UV Gandhe,CB Gaffaney
1216525,NA,2020-10-10,V Kohli,Dubai International Cricket Stadium,0,Royal Challengers Bangalore,Chennai Super Kings,Royal Challengers Bangalore,bat,Royal Challengers Bangalore,runs,37,N,NA,AK Chaudhary,PR Reiffel
1216507,NA,2020-10-11,R Tewatia,Dubai International Cricket Stadium,0,Sunrisers Hyderabad,Rajasthan Royals,Sunrisers Hyderabad,bat,Rajasthan Royals,wickets,5,N,NA,YC Barde,PR Reiffel
1216529,Abu Dhabi,2020-10-11,Q de Kock,Sheikh Zayed Stadium,0,Delhi Capitals,Mumbai Indians,Delhi Capitals,bat,Mumbai Indians,wickets,5,N,NA,CB Gaffaney,S Ravi
1216540,NA,2020-10-12,AB de Villiers,Sharjah Cricket Stadium,0,Royal Challengers Bangalore,Kolkata Knight Riders,Royal Challengers Bangalore,bat,Royal Challengers Bangalore,runs,82,N,NA,RK Illingworth,K Srinivasan
1216528,NA,2020-10-13,RA Jadeja,Dubai International Cricket Stadium,0,Chennai Super Kings,Sunrisers Hyderabad,Chennai Super Kings,bat,Chennai Super Kings,runs,20,N,NA,AK Chaudhary,PR Reiffel
1216543,NA,2020-10-14,A Nortje,Dubai International Cricket Stadium,0,Delhi Capitals,Rajasthan Royals,Delhi Capitals,bat,Delhi Capitals,runs,13,N,NA,AK Chaudhary,Nitin Menon
1216531,NA,2020-10-15,KL Rahul,Sharjah Cricket Stadium,0,Royal Challengers Bangalore,Kings XI Punjab,Royal Challengers Bangalore,bat,Kings XI Punjab,wickets,8,N,NA,KN Ananthapadmanabhan,C Shamshuddin
1216526,Abu Dhabi,2020-10-16,Q de Kock,Sheikh Zayed Stadium,0,Kolkata Knight Riders,Mumbai Indians,Kolkata Knight Riders,bat,Mumbai Indians,wickets,8,N,NA,CB Gaffaney,VK Sharma
1216509,NA,2020-10-17,S Dhawan,Sharjah Cricket Stadium,0,Chennai Super Kings,Delhi Capitals,Chennai Super Kings,bat,Delhi Capitals,wickets,5,N,NA,KN Ananthapadmanabhan,RK Illingworth
1216522,NA,2020-10-17,AB de Villiers,Dubai International Cricket Stadium,0,Rajasthan Royals,Royal Challengers Bangalore,Rajasthan Royals,bat,Royal Challengers Bangalore,wickets,7,N,NA,AK Chaudhary,Nitin Menon
1216512,Abu Dhabi,2020-10-18,LH Ferguson,Sheikh Zayed Stadium,0,Kolkata Knight Riders,Sunrisers Hyderabad,Sunrisers Hyderabad,field,Kolkata Knight Riders,tie,NA,Y,NA,PG Pathak,S Ravi
1216517,NA,2020-10-18,KL Rahul,Dubai International Cricket Stadium,0,Mumbai Indians,Kings XI Punjab,Mumbai Indians,bat,Kings XI Punjab,tie,NA,Y,NA,Nitin Menon,PR Reiffel
1216533,Abu Dhabi,2020-10-19,JC Buttler,Sheikh Zayed Stadium,0,Chennai Super Kings,Rajasthan Royals,Chennai Super Kings,bat,Rajasthan Royals,wickets,7,N,NA,CB Gaffaney,VK Sharma
1216546,NA,2020-10-20,S Dhawan,Dubai International Cricket Stadium,0,Delhi Capitals,Kings XI Punjab,Delhi Capitals,bat,Kings XI Punjab,wickets,5,N,NA,C Shamshuddin,RK Illingworth
1216494,Abu Dhabi,2020-10-21,Mohammed Siraj,Sheikh Zayed Stadium,0,Kolkata Knight Riders,Royal Challengers Bangalore,Kolkata Knight Riders,bat,Royal Challengers Bangalore,wickets,8,N,NA,VK Sharma,S Ravi
1216518,NA,2020-10-22,MK Pandey,Dubai International Cricket Stadium,0,Rajasthan Royals,Sunrisers Hyderabad,Sunrisers Hyderabad,field,Sunrisers Hyderabad,wickets,8,N,NA,Nitin Menon,PR Reiffel
1216521,NA,2020-10-23,TA Boult,Sharjah Cricket Stadium,0,Chennai Super Kings,Mumbai Indians,Mumbai Indians,field,Mumbai Indians,wickets,10,N,NA,C Shamshuddin,VA Kulkarni
1216497,Abu Dhabi,2020-10-24,CV Varun,Sheikh Zayed Stadium,0,Kolkata Knight Riders,Delhi Capitals,Delhi Capitals,field,Kolkata Knight Riders,runs,59,N,NA,CB Gaffaney,PG Pathak
1216498,NA,2020-10-24,CJ Jordan,Dubai International Cricket Stadium,0,Kings XI Punjab,Sunrisers Hyderabad,Sunrisers Hyderabad,field,Kings XI Punjab,runs,12,N,NA,AY Dandekar,PR Reiffel
1216541,Abu Dhabi,2020-10-25,BA Stokes,Sheikh Zayed Stadium,0,Mumbai Indians,Rajasthan Royals,Mumbai Indians,bat,Rajasthan Royals,wickets,8,N,NA,UV Gandhe,VK Sharma
1216544,NA,2020-10-25,RD Gaikwad,Dubai International Cricket Stadium,0,Royal Challengers Bangalore,Chennai Super Kings,Royal Challengers Bangalore,bat,Chennai Super Kings,wickets,8,N,NA,C Shamshuddin,RK Illingworth
1216520,NA,2020-10-26,CH Gayle,Sharjah Cricket Stadium,0,Kolkata Knight Riders,Kings XI Punjab,Kings XI Punjab,field,Kings XI Punjab,wickets,8,N,NA,KN Ananthapadmanabhan,RK Illingworth
1216524,NA,2020-10-27,WP Saha,Dubai International Cricket Stadium,0,Sunrisers Hyderabad,Delhi Capitals,Delhi Capitals,field,Sunrisers Hyderabad,runs,88,N,NA,AK Chaudhary,Nitin Menon
1216499,Abu Dhabi,2020-10-28,SA Yadav,Sheikh Zayed Stadium,0,Royal Challengers Bangalore,Mumbai Indians,Mumbai Indians,field,Mumbai Indians,wickets,5,N,NA,UV Gandhe,CB Gaffaney
1216536,NA,2020-10-29,RD Gaikwad,Dubai International Cricket Stadium,0,Kolkata Knight Riders,Chennai Super Kings,Chennai Super Kings,field,Chennai Super Kings,wickets,6,N,NA,C Shamshuddin,RK Illingworth
1216537,Abu Dhabi,2020-10-30,BA Stokes,Sheikh Zayed Stadium,0,Kings XI Punjab,Rajasthan Royals,Rajasthan Royals,field,Rajasthan Royals,wickets,7,N,NA,CB Gaffaney,S Ravi
1216502,NA,2020-10-31,Sandeep Sharma,Sharjah Cricket Stadium,0,Royal Challengers Bangalore,Sunrisers Hyderabad,Sunrisers Hyderabad,field,Sunrisers Hyderabad,wickets,5,N,NA,KN Ananthapadmanabhan,K Srinivasan
1216535,NA,2020-10-31,Ishan Kishan,Dubai International Cricket Stadium,0,Delhi Capitals,Mumbai Indians,Mumbai Indians,field,Mumbai Indians,wickets,9,N,NA,YC Barde,PR Reiffel
1216506,Abu Dhabi,2020-11-01,RD Gaikwad,Sheikh Zayed Stadium,0,Kings XI Punjab,Chennai Super Kings,Chennai Super Kings,field,Chennai Super Kings,wickets,9,N,NA,PG Pathak,VK Sharma
1216530,NA,2020-11-01,PJ Cummins,Dubai International Cricket Stadium,0,Kolkata Knight Riders,Rajasthan Royals,Rajasthan Royals,field,Kolkata Knight Riders,runs,60,N,NA,Nitin Menon,PR Reiffel
1216505,Abu Dhabi,2020-11-02,A Nortje,Sheikh Zayed Stadium,0,Royal Challengers Bangalore,Delhi Capitals,Delhi Capitals,field,Delhi Capitals,wickets,6,N,NA,CB Gaffaney,S Ravi
1216495,NA,2020-11-03,S Nadeem,Sharjah Cricket Stadium,0,Mumbai Indians,Sunrisers Hyderabad,Sunrisers Hyderabad,field,Sunrisers Hyderabad,wickets,10,N,NA,C Shamshuddin,RK Illingworth
1237177,NA,2020-11-05,JJ Bumrah,Dubai International Cricket Stadium,0,Mumbai Indians,Delhi Capitals,Delhi Capitals,field,Mumbai Indians,runs,57,N,NA,CB Gaffaney,Nitin Menon
1237178,Abu Dhabi,2020-11-06,KS Williamson,Sheikh Zayed Stadium,0,Royal Challengers Bangalore,Sunrisers Hyderabad,Sunrisers Hyderabad,field,Sunrisers Hyderabad,wickets,6,N,NA,PR Reiffel,S Ravi
1237180,Abu Dhabi,2020-11-08,MP Stoinis,Sheikh Zayed Stadium,0,Delhi Capitals,Sunrisers Hyderabad,Delhi Capitals,bat,Delhi Capitals,runs,17,N,NA,PR Reiffel,S Ravi
1237181,NA,2020-11-10,TA Boult,Dubai International Cricket Stadium,0,Delhi Capitals,Mumbai Indians,Delhi Capitals,bat,Mumbai Indians,wickets,5,N,NA,CB Gaffaney,Nitin Menon
1254058,Chennai,2021-04-09,HV Patel,"MA Chidambaram Stadium, Chepauk, Chennai",0,Mumbai Indians,Royal Challengers Bangalore,Royal Challengers Bangalore,field,Royal Challengers Bangalore,wickets,2,N,NA,KN Ananthapadmanabhan,Nitin Menon
1254059,Mumbai,2021-04-10,S Dhawan,"Wankhede Stadium, Mumbai",0,Chennai Super Kings,Delhi Capitals,Delhi Capitals,field,Delhi Capitals,wickets,7,N,NA,AK Chaudhary,VK Sharma
1254060,Chennai,2021-04-11,N Rana,"MA Chidambaram Stadium, Chepauk, Chennai",0,Kolkata Knight Riders,Sunrisers Hyderabad,Sunrisers Hyderabad,field,Kolkata Knight Riders,runs,10,N,NA,KN Ananthapadmanabhan,Nitin Menon
1254061,Mumbai,2021-04-12,SV Samson,"Wankhede Stadium, Mumbai",0,Punjab Kings,Rajasthan Royals,Rajasthan Royals,field,Punjab Kings,runs,4,N,NA,AK Chaudhary,S Ravi
1254062,Chennai,2021-04-13,RD Chahar,"MA Chidambaram Stadium, Chepauk, Chennai",0,Mumbai Indians,Kolkata Knight Riders,Kolkata Knight Riders,field,Mumbai Indians,runs,10,N,NA,C Shamshuddin,CB Gaffaney
1254063,Chennai,2021-04-14,GJ Maxwell,"MA Chidambaram Stadium, Chepauk, Chennai",0,Royal Challengers Bangalore,Sunrisers Hyderabad,Sunrisers Hyderabad,field,Royal Challengers Bangalore,runs,6,N,NA,Nitin Menon,UV Gandhe
1254064,Mumbai,2021-04-15,JD Unadkat,"Wankhede Stadium, Mumbai",0,Delhi Capitals,Rajasthan Royals,Rajasthan Royals,field,Rajasthan Royals,wickets,3,N,NA,S Ravi,VK Sharma
1254065,Mumbai,2021-04-16,DL Chahar,"Wankhede Stadium, Mumbai",0,Punjab Kings,Chennai Super Kings,Chennai Super Kings,field,Chennai Super Kings,wickets,6,N,NA,AK Chaudhary,AY Dandekar
1254066,Chennai,2021-04-17,KA Pollard,"MA Chidambaram Stadium, Chepauk, Chennai",0,Mumbai Indians,Sunrisers Hyderabad,Mumbai Indians,bat,Mumbai Indians,runs,13,N,NA,CB Gaffaney,K Srinivasan
1254067,Chennai,2021-04-18,AB de Villiers,"MA Chidambaram Stadium, Chepauk, Chennai",0,Royal Challengers Bangalore,Kolkata Knight Riders,Royal Challengers Bangalore,bat,Royal Challengers Bangalore,runs,38,N,NA,C Shamshuddin,Nitin Menon
1254068,Mumbai,2021-04-18,S Dhawan,"Wankhede Stadium, Mumbai",0,Punjab Kings,Delhi Capitals,Delhi Capitals,field,Delhi Capitals,wickets,6,N,NA,AK Chaudhary,PR Reiffel
1254069,Mumbai,2021-04-19,MM Ali,"Wankhede Stadium, Mumbai",0,Chennai Super Kings,Rajasthan Royals,Rajasthan Royals,field,Chennai Super Kings,runs,45,N,NA,PR Reiffel,VK Sharma
1254070,Chennai,2021-04-20,A Mishra,"MA Chidambaram Stadium, Chepauk, Chennai",0,Mumbai Indians,Delhi Capitals,Mumbai Indians,bat,Delhi Capitals,wickets,6,N,NA,C Shamshuddin,CB Gaffaney
1254071,Chennai,2021-04-21,JM Bairstow,"MA Chidambaram Stadium, Chepauk, Chennai",0,Punjab Kings,Sunrisers Hyderabad,Punjab Kings,bat,Sunrisers Hyderabad,wickets,9,N,NA,K Srinivasan,Nitin Menon
1254072,Mumbai,2021-04-21,F du Plessis,"Wankhede Stadium, Mumbai",0,Chennai Super Kings,Kolkata Knight Riders,Kolkata Knight Riders,field,Chennai Super Kings,runs,18,N,NA,AY Dandekar,PR Reiffel
1254073,Mumbai,2021-04-22,D Padikkal,"Wankhede Stadium, Mumbai",0,Rajasthan Royals,Royal Challengers Bangalore,Royal Challengers Bangalore,field,Royal Challengers Bangalore,wickets,10,N,NA,J Madanagopal,S Ravi
1254074,Chennai,2021-04-23,KL Rahul,"MA Chidambaram Stadium, Chepauk, Chennai",0,Mumbai Indians,Punjab Kings,Punjab Kings,field,Punjab Kings,wickets,9,N,NA,C Shamshuddin,Nitin Menon
1254075,Mumbai,2021-04-24,CH Morris,"Wankhede Stadium, Mumbai",0,Kolkata Knight Riders,Rajasthan Royals,Rajasthan Royals,field,Rajasthan Royals,wickets,6,N,NA,Navdeep Singh,S Ravi
1254076,Mumbai,2021-04-25,RA Jadeja,"Wankhede Stadium, Mumbai",0,Chennai Super Kings,Royal Challengers Bangalore,Chennai Super Kings,bat,Chennai Super Kings,runs,69,N,NA,AK Chaudhary,VK Sharma
1254077,Chennai,2021-04-25,PP Shaw,"MA Chidambaram Stadium, Chepauk, Chennai",0,Delhi Capitals,Sunrisers Hyderabad,Delhi Capitals,bat,Delhi Capitals,tie,NA,Y,NA,CB Gaffaney,KN Ananthapadmanabhan
1254078,Ahmedabad,2021-04-26,EJG Morgan,"Narendra Modi Stadium, Ahmedabad",0,Punjab Kings,Kolkata Knight Riders,Kolkata Knight Riders,field,Kolkata Knight Riders,wickets,5,N,NA,PR Reiffel,YC Barde
1254079,Ahmedabad,2021-04-27,AB de Villiers,"Narendra Modi Stadium, Ahmedabad",0,Royal Challengers Bangalore,Delhi Capitals,Delhi Capitals,field,Royal Challengers Bangalore,runs,1,N,NA,S Ravi,VK Sharma
1254080,Delhi,2021-04-28,RD Gaikwad,"Arun Jaitley Stadium, Delhi",0,Sunrisers Hyderabad,Chennai Super Kings,Sunrisers Hyderabad,bat,Chennai Super Kings,wickets,7,N,NA,C Shamshuddin,CK Nandan
1254081,Delhi,2021-04-29,Q de Kock,"Arun Jaitley Stadium, Delhi",0,Rajasthan Royals,Mumbai Indians,Mumbai Indians,field,Mumbai Indians,wickets,7,N,NA,CB Gaffaney,KN Ananthapadmanabhan
1254082,Ahmedabad,2021-04-29,PP Shaw,"Narendra Modi Stadium, Ahmedabad",0,Kolkata Knight Riders,Delhi Capitals,Delhi Capitals,field,Delhi Capitals,wickets,7,N,NA,AK Chaudhary,YC Barde
1254083,Ahmedabad,2021-04-30,Harpreet Brar,"Narendra Modi Stadium, Ahmedabad",0,Punjab Kings,Royal Challengers Bangalore,Royal Challengers Bangalore,field,Punjab Kings,runs,34,N,NA,S Ravi,VK Sharma
1254084,Delhi,2021-05-01,KA Pollard,"Arun Jaitley Stadium, Delhi",0,Chennai Super Kings,Mumbai Indians,Mumbai Indians,field,Mumbai Indians,wickets,4,N,NA,KN Ananthapadmanabhan,CK Nandan
1254085,Delhi,2021-05-02,JC Buttler,"Arun Jaitley Stadium, Delhi",0,Rajasthan Royals,Sunrisers Hyderabad,Sunrisers Hyderabad,field,Rajasthan Royals,runs,55,N,NA,C Shamshuddin,CB Gaffaney
1254086,Ahmedabad,2021-05-02,MA Agarwal,"Narendra Modi Stadium, Ahmedabad",0,Punjab Kings,Delhi Capitals,Delhi Capitals,field,Delhi Capitals,wickets,7,N,NA,AK Chaudhary,AY Dandekar
1254104,Dubai,2021-09-19,RD Gaikwad,Dubai International Cricket Stadium,0,Chennai Super Kings,Mumbai Indians,Chennai Super Kings,bat,Chennai Super Kings,runs,20,N,NA,Nitin Menon,RK Illingworth
1254087,Abu Dhabi,2021-09-20,CV Varun,"Zayed Cricket Stadium, Abu Dhabi",0,Royal Challengers Bangalore,Kolkata Knight Riders,Royal Challengers Bangalore,bat,Kolkata Knight Riders,wickets,9,N,NA,CB Gaffaney,S Ravi
1254111,Dubai,2021-09-21,Kartik Tyagi,Dubai International Cricket Stadium,0,Rajasthan Royals,Punjab Kings,Punjab Kings,field,Rajasthan Royals,runs,2,N,NA,AK Chaudhary,MA Gough
1254105,Dubai,2021-09-22,A Nortje,Dubai International Cricket Stadium,0,Sunrisers Hyderabad,Delhi Capitals,Sunrisers Hyderabad,bat,Delhi Capitals,wickets,8,N,NA,KN Ananthapadmanabhan,RK Illingworth
1254096,Abu Dhabi,2021-09-23,SP Narine,"Zayed Cricket Stadium, Abu Dhabi",0,Mumbai Indians,Kolkata Knight Riders,Kolkata Knight Riders,field,Kolkata Knight Riders,wickets,7,N,NA,S Ravi,VK Sharma
1254113,Sharjah,2021-09-24,DJ Bravo,Sharjah Cricket Stadium,0,Royal Challengers Bangalore,Chennai Super Kings,Chennai Super Kings,field,Chennai Super Kings,wickets,6,N,NA,AK Chaudhary,Nitin Menon
1254097,Abu Dhabi,2021-09-25,SS Iyer,"Zayed Cricket Stadium, Abu Dhabi",0,Delhi Capitals,Rajasthan Royals,Rajasthan Royals,field,Delhi Capitals,runs,33,N,NA,CB Gaffaney,UV Gandhe
1254107,Sharjah,2021-09-25,JO Holder,Sharjah Cricket Stadium,0,Punjab Kings,Sunrisers Hyderabad,Sunrisers Hyderabad,field,Punjab Kings,runs,5,N,NA,RK Illingworth,YC Barde
1254098,Abu Dhabi,2021-09-26,RA Jadeja,"Zayed Cricket Stadium, Abu Dhabi",0,Kolkata Knight Riders,Chennai Super Kings,Kolkata Knight Riders,bat,Chennai Super Kings,wickets,2,N,NA,CB Gaffaney,Tapan Sharma
1254108,Dubai,2021-09-26,GJ Maxwell,Dubai International Cricket Stadium,0,Royal Challengers Bangalore,Mumbai Indians,Mumbai Indians,field,Royal Challengers Bangalore,runs,54,N,NA,AK Chaudhary,MA Gough
1254100,Dubai,2021-09-27,JJ Roy,Dubai International Cricket Stadium,0,Rajasthan Royals,Sunrisers Hyderabad,Rajasthan Royals,bat,Sunrisers Hyderabad,wickets,7,N,NA,KN Ananthapadmanabhan,Navdeep Singh
1254092,Sharjah,2021-09-28,SP Narine,Sharjah Cricket Stadium,0,Delhi Capitals,Kolkata Knight Riders,Kolkata Knight Riders,field,Kolkata Knight Riders,wickets,3,N,NA,Nitin Menon,HAS Khalid
1254099,Abu Dhabi,2021-09-28,KA Pollard,"Zayed Cricket Stadium, Abu Dhabi",0,Punjab Kings,Mumbai Indians,Mumbai Indians,field,Mumbai Indians,wickets,6,N,NA,S Ravi,VK Sharma
1254103,Dubai,2021-09-29,YS Chahal,Dubai International Cricket Stadium,0,Rajasthan Royals,Royal Challengers Bangalore,Royal Challengers Bangalore,field,Royal Challengers Bangalore,wickets,7,N,NA,AY Dandekar,KN Ananthapadmanabhan
1254091,Sharjah,2021-09-30,JR Hazlewood,Sharjah Cricket Stadium,0,Sunrisers Hyderabad,Chennai Super Kings,Chennai Super Kings,field,Chennai Super Kings,wickets,6,N,NA,Nitin Menon,YC Barde
1254102,Dubai,2021-10-01,KL Rahul,Dubai International Cricket Stadium,0,Kolkata Knight Riders,Punjab Kings,Punjab Kings,field,Punjab Kings,wickets,5,N,NA,KN Ananthapadmanabhan,RK Illingworth
1254089,Abu Dhabi,2021-10-02,RD Gaikwad,"Zayed Cricket Stadium, Abu Dhabi",0,Chennai Super Kings,Rajasthan Royals,Rajasthan Royals,field,Rajasthan Royals,wickets,7,N,NA,CB Gaffaney,VK Sharma
1254112,Sharjah,2021-10-02,AR Patel,Sharjah Cricket Stadium,0,Mumbai Indians,Delhi Capitals,Delhi Capitals,field,Delhi Capitals,wickets,4,N,NA,AK Chaudhary,MA Gough
1254090,Sharjah,2021-10-03,GJ Maxwell,Sharjah Cricket Stadium,0,Royal Challengers Bangalore,Punjab Kings,Royal Challengers Bangalore,bat,Royal Challengers Bangalore,runs,6,N,NA,KN Ananthapadmanabhan,RK Illingworth
1254109,Dubai,2021-10-03,Shubman Gill,Dubai International Cricket Stadium,0,Sunrisers Hyderabad,Kolkata Knight Riders,Sunrisers Hyderabad,bat,Kolkata Knight Riders,wickets,6,N,NA,J Madanagopal,MA Gough
1254110,Dubai,2021-10-04,AR Patel,Dubai International Cricket Stadium,0,Chennai Super Kings,Delhi Capitals,Delhi Capitals,field,Delhi Capitals,wickets,3,N,NA,AK Chaudhary,Nitin Menon
1254093,Sharjah,2021-10-05,NM Coulter-Nile,Sharjah Cricket Stadium,0,Rajasthan Royals,Mumbai Indians,Mumbai Indians,field,Mumbai Indians,wickets,8,N,NA,AK Chaudhary,MA Gough
1254095,Abu Dhabi,2021-10-06,KS Williamson,"Zayed Cricket Stadium, Abu Dhabi",0,Sunrisers Hyderabad,Royal Challengers Bangalore,Royal Challengers Bangalore,field,Sunrisers Hyderabad,runs,4,N,NA,S Ravi,UV Gandhe
1254094,Dubai,2021-10-07,KL Rahul,Dubai International Cricket Stadium,0,Chennai Super Kings,Punjab Kings,Punjab Kings,field,Punjab Kings,wickets,6,N,NA,K Srinivasan,RK Illingworth
1254106,Sharjah,2021-10-07,Shivam Mavi,Sharjah Cricket Stadium,0,Kolkata Knight Riders,Rajasthan Royals,Rajasthan Royals,field,Kolkata Knight Riders,runs,86,N,NA,MA Gough,HAS Khalid
1254088,Abu Dhabi,2021-10-08,Ishan Kishan,"Zayed Cricket Stadium, Abu Dhabi",0,Mumbai Indians,Sunrisers Hyderabad,Mumbai Indians,bat,Mumbai Indians,runs,42,N,NA,Tapan Sharma,VK Sharma
1254101,Dubai,2021-10-08,KS Bharat,Dubai International Cricket Stadium,0,Delhi Capitals,Royal Challengers Bangalore,Royal Challengers Bangalore,field,Royal Challengers Bangalore,wickets,7,N,NA,KN Ananthapadmanabhan,Nitin Menon
1254114,Dubai,2021-10-10,RD Gaikwad,Dubai International Cricket Stadium,0,Delhi Capitals,Chennai Super Kings,Chennai Super Kings,field,Chennai Super Kings,wickets,4,N,NA,Nitin Menon,RK Illingworth
1254115,Sharjah,2021-10-11,SP Narine,Sharjah Cricket Stadium,0,Royal Challengers Bangalore,Kolkata Knight Riders,Royal Challengers Bangalore,bat,Kolkata Knight Riders,wickets,4,N,NA,CB Gaffaney,VK Sharma
1254116,Sharjah,2021-10-13,VR Iyer,Sharjah Cricket Stadium,0,Delhi Capitals,Kolkata Knight Riders,Kolkata Knight Riders,field,Kolkata Knight Riders,wickets,3,N,NA,KN Ananthapadmanabhan,MA Gough
1254117,Dubai,2021-10-15,F du Plessis,Dubai International Cricket Stadium,0,Chennai Super Kings,Kolkata Knight Riders,Kolkata Knight Riders,field,Chennai Super Kings,runs,27,N,NA,Nitin Menon,RK Illingworth
1304047,Mumbai,2022-03-26,UT Yadav,"Wankhede Stadium, Mumbai",0,Chennai Super Kings,Kolkata Knight Riders,Kolkata Knight Riders,field,Kolkata Knight Riders,wickets,6,N,NA,AK Chaudhary,Nitin Menon
1304048,Mumbai,2022-03-27,Kuldeep Yadav,"Brabourne Stadium, Mumbai",0,Mumbai Indians,Delhi Capitals,Delhi Capitals,field,Delhi Capitals,wickets,4,N,NA,RJ Tucker,HAS Khalid
1304049,Mumbai,2022-03-27,OF Smith,"Dr DY Patil Sports Academy, Mumbai",0,Royal Challengers Bangalore,Punjab Kings,Punjab Kings,field,Punjab Kings,wickets,5,N,NA,Nitin Menon,YC Barde
1304050,Mumbai,2022-03-28,Mohammed Shami,"Wankhede Stadium, Mumbai",0,Lucknow Super Giants,Gujarat Titans,Gujarat Titans,field,Gujarat Titans,wickets,5,N,NA,PG Pathak,VK Sharma
1304051,Pune,2022-03-29,SV Samson,"Maharashtra Cricket Association Stadium, Pune",0,Rajasthan Royals,Sunrisers Hyderabad,Sunrisers Hyderabad,field,Rajasthan Royals,runs,61,N,NA,BNJ Oxenford,UV Gandhe
1304052,Mumbai,2022-03-30,PWH de Silva,"Dr DY Patil Sports Academy, Mumbai",0,Kolkata Knight Riders,Royal Challengers Bangalore,Royal Challengers Bangalore,field,Royal Challengers Bangalore,wickets,3,N,NA,J Madanagopal,Navdeep Singh
1304053,Mumbai,2022-03-31,E Lewis,"Brabourne Stadium, Mumbai",0,Chennai Super Kings,Lucknow Super Giants,Lucknow Super Giants,field,Lucknow Super Giants,wickets,6,N,NA,RJ Tucker,VK Sharma
1304054,Mumbai,2022-04-01,UT Yadav,"Wankhede Stadium, Mumbai",0,Punjab Kings,Kolkata Knight Riders,Kolkata Knight Riders,field,Kolkata Knight Riders,wickets,6,N,NA,AK Chaudhary,HAS Khalid
1304055,Mumbai,2022-04-02,JC Buttler,"Dr DY Patil Sports Academy, Mumbai",0,Rajasthan Royals,Mumbai Indians,Mumbai Indians,field,Rajasthan Royals,runs,23,N,NA,Nitin Menon,PG Pathak
1304056,Pune,2022-04-02,LH Ferguson,"Maharashtra Cricket Association Stadium, Pune",0,Gujarat Titans,Delhi Capitals,Delhi Capitals,field,Gujarat Titans,runs,14,N,NA,KN Ananthapadmanabhan,UV Gandhe
1304057,Mumbai,2022-04-03,LS Livingstone,"Brabourne Stadium, Mumbai",0,Punjab Kings,Chennai Super Kings,Chennai Super Kings,field,Punjab Kings,runs,54,N,NA,RJ Tucker,YC Barde
1304058,Mumbai,2022-04-04,Avesh Khan,"Dr DY Patil Sports Academy, Mumbai",0,Lucknow Super Giants,Sunrisers Hyderabad,Sunrisers Hyderabad,field,Lucknow Super Giants,runs,12,N,NA,J Madanagopal,Navdeep Singh
1304059,Mumbai,2022-04-05,KD Karthik,"Wankhede Stadium, Mumbai",0,Rajasthan Royals,Royal Challengers Bangalore,Royal Challengers Bangalore,field,Royal Challengers Bangalore,wickets,4,N,NA,AK Chaudhary,HAS Khalid
1304060,Pune,2022-04-06,PJ Cummins,"Maharashtra Cricket Association Stadium, Pune",0,Mumbai Indians,Kolkata Knight Riders,Kolkata Knight Riders,field,Kolkata Knight Riders,wickets,5,N,NA,BNJ Oxenford,KN Ananthapadmanabhan
1304061,Mumbai,2022-04-07,Q de Kock,"Dr DY Patil Sports Academy, Mumbai",0,Delhi Capitals,Lucknow Super Giants,Lucknow Super Giants,field,Lucknow Super Giants,wickets,6,N,NA,RJ Tucker,Tapan Sharma
1304062,Mumbai,2022-04-08,Shubman Gill,"Brabourne Stadium, Mumbai",0,Punjab Kings,Gujarat Titans,Gujarat Titans,field,Gujarat Titans,wickets,6,N,NA,AK Chaudhary,VK Sharma
1304063,Mumbai,2022-04-09,Abhishek Sharma,"Dr DY Patil Sports Academy, Mumbai",0,Chennai Super Kings,Sunrisers Hyderabad,Sunrisers Hyderabad,field,Sunrisers Hyderabad,wickets,8,N,NA,Navdeep Singh,Nitin Menon
1304064,Pune,2022-04-09,Anuj Rawat,"Maharashtra Cricket Association Stadium, Pune",0,Mumbai Indians,Royal Challengers Bangalore,Royal Challengers Bangalore,field,Royal Challengers Bangalore,wickets,7,N,NA,BNJ Oxenford,KN Ananthapadmanabhan
1304065,Mumbai,2022-04-10,Kuldeep Yadav,"Brabourne Stadium, Mumbai",0,Delhi Capitals,Kolkata Knight Riders,Kolkata Knight Riders,field,Delhi Capitals,runs,44,N,NA,CB Gaffaney,J Madanagopal
1304066,Mumbai,2022-04-10,YS Chahal,"Wankhede Stadium, Mumbai",0,Rajasthan Royals,Lucknow Super Giants,Lucknow Super Giants,field,Rajasthan Royals,runs,3,N,NA,AK Chaudhary,Tapan Sharma
1304067,Mumbai,2022-04-11,KS Williamson,"Dr DY Patil Sports Academy, Mumbai",0,Gujarat Titans,Sunrisers Hyderabad,Sunrisers Hyderabad,field,Sunrisers Hyderabad,wickets,8,N,NA,Chirra Ravikanthreddy,RJ Tucker
1304068,Mumbai,2022-04-12,S Dube,"Dr DY Patil Sports Academy, Mumbai",0,Chennai Super Kings,Royal Challengers Bangalore,Royal Challengers Bangalore,field,Chennai Super Kings,runs,23,N,NA,Nitin Menon,N Pandit
1304069,Pune,2022-04-13,MA Agarwal,"Maharashtra Cricket Association Stadium, Pune",0,Punjab Kings,Mumbai Indians,Mumbai Indians,field,Punjab Kings,runs,12,N,NA,BNJ Oxenford,UV Gandhe
1304070,Mumbai,2022-04-14,HH Pandya,"Dr DY Patil Sports Academy, Mumbai",0,Gujarat Titans,Rajasthan Royals,Rajasthan Royals,field,Gujarat Titans,runs,37,N,NA,CB Gaffaney,R Pandit
1304071,Mumbai,2022-04-15,RA Tripathi,"Brabourne Stadium, Mumbai",0,Kolkata Knight Riders,Sunrisers Hyderabad,Sunrisers Hyderabad,field,Sunrisers Hyderabad,wickets,7,N,NA,GR Sadashiv Iyer,VK Sharma
1304072,Mumbai,2022-04-16,KL Rahul,"Brabourne Stadium, Mumbai",0,Lucknow Super Giants,Mumbai Indians,Mumbai Indians,field,Lucknow Super Giants,runs,18,N,NA,AK Chaudhary,NA Patwardhan
1304073,Mumbai,2022-04-16,KD Karthik,"Wankhede Stadium, Mumbai",0,Royal Challengers Bangalore,Delhi Capitals,Delhi Capitals,field,Royal Challengers Bangalore,runs,16,N,NA,Chirra Ravikanthreddy,J Madanagopal
1304074,Mumbai,2022-04-17,Umran Malik,"Dr DY Patil Sports Academy, Mumbai",0,Punjab Kings,Sunrisers Hyderabad,Sunrisers Hyderabad,field,Sunrisers Hyderabad,wickets,7,N,NA,PG Pathak,R Pandit
1304075,Pune,2022-04-17,DA Miller,"Maharashtra Cricket Association Stadium, Pune",0,Chennai Super Kings,Gujarat Titans,Gujarat Titans,field,Gujarat Titans,wickets,3,N,NA,KN Ananthapadmanabhan,UV Gandhe
1304076,Mumbai,2022-04-18,YS Chahal,"Brabourne Stadium, Mumbai",0,Rajasthan Royals,Kolkata Knight Riders,Kolkata Knight Riders,field,Rajasthan Royals,runs,7,N,NA,GR Sadashiv Iyer,VK Sharma
1304077,Mumbai,2022-04-19,F du Plessis,"Dr DY Patil Sports Academy, Mumbai",0,Royal Challengers Bangalore,Lucknow Super Giants,Lucknow Super Giants,field,Royal Challengers Bangalore,runs,18,N,NA,CB Gaffaney,N Pandit
1304078,Mumbai,2022-04-20,Kuldeep Yadav,"Brabourne Stadium, Mumbai",0,Punjab Kings,Delhi Capitals,Delhi Capitals,field,Delhi Capitals,wickets,9,N,NA,RJ Tucker,Tapan Sharma
1304079,Navi Mumbai,2022-04-21,Mukesh Choudhary,"Dr DY Patil Sports Academy, Mumbai",0,Mumbai Indians,Chennai Super Kings,Chennai Super Kings,field,Chennai Super Kings,wickets,3,N,NA,BNJ Oxenford,UV Gandhe
1304080,Mumbai,2022-04-22,JC Buttler,"Wankhede Stadium, Mumbai",0,Rajasthan Royals,Delhi Capitals,Delhi Capitals,field,Rajasthan Royals,runs,15,N,NA,NA Patwardhan,Nitin Menon
1304081,Navi Mumbai,2022-04-23,Rashid Khan,"Dr DY Patil Sports Academy, Mumbai",0,Gujarat Titans,Kolkata Knight Riders,Gujarat Titans,bat,Gujarat Titans,runs,8,N,NA,KN Ananthapadmanabhan,UV Gandhe
1304082,Mumbai,2022-04-23,M Jansen,"Brabourne Stadium, Mumbai",0,Royal Challengers Bangalore,Sunrisers Hyderabad,Sunrisers Hyderabad,field,Sunrisers Hyderabad,wickets,9,N,NA,Chirra Ravikanthreddy,J Madanagopal
1304083,Mumbai,2022-04-24,KL Rahul,"Wankhede Stadium, Mumbai",0,Lucknow Super Giants,Mumbai Indians,Mumbai Indians,field,Lucknow Super Giants,runs,36,N,NA,M Erasmus,HAS Khalid
1304084,Mumbai,2022-04-25,S Dhawan,"Wankhede Stadium, Mumbai",0,Punjab Kings,Chennai Super Kings,Chennai Super Kings,field,Punjab Kings,runs,11,N,NA,M Erasmus,Tapan Sharma
1304085,Pune,2022-04-26,R Parag,"Maharashtra Cricket Association Stadium, Pune",0,Rajasthan Royals,Royal Challengers Bangalore,Royal Challengers Bangalore,field,Rajasthan Royals,runs,29,N,NA,BNJ Oxenford,KN Ananthapadmanabhan
1304086,Mumbai,2022-04-27,Umran Malik,"Wankhede Stadium, Mumbai",0,Sunrisers Hyderabad,Gujarat Titans,Gujarat Titans,field,Gujarat Titans,wickets,5,N,NA,CB Gaffaney,Navdeep Singh
1304087,Mumbai,2022-04-28,Kuldeep Yadav,"Wankhede Stadium, Mumbai",0,Kolkata Knight Riders,Delhi Capitals,Delhi Capitals,field,Delhi Capitals,wickets,4,N,NA,AK Chaudhary,PG Pathak
1304088,Pune,2022-04-29,KH Pandya,"Maharashtra Cricket Association Stadium, Pune",0,Lucknow Super Giants,Punjab Kings,Punjab Kings,field,Lucknow Super Giants,runs,20,N,NA,MA Gough,UV Gandhe
1304089,Mumbai,2022-04-30,R Tewatia,"Brabourne Stadium, Mumbai",0,Royal Challengers Bangalore,Gujarat Titans,Royal Challengers Bangalore,bat,Gujarat Titans,wickets,6,N,NA,HAS Khalid,VK Sharma
1304090,Navi Mumbai,2022-04-30,SA Yadav,"Dr DY Patil Sports Academy, Mumbai",0,Rajasthan Royals,Mumbai Indians,Mumbai Indians,field,Mumbai Indians,wickets,5,N,NA,BNJ Oxenford,YC Barde
1304091,Mumbai,2022-05-01,Mohsin Khan,"Wankhede Stadium, Mumbai",0,Lucknow Super Giants,Delhi Capitals,Lucknow Super Giants,bat,Lucknow Super Giants,runs,6,N,NA,Chirra Ravikanthreddy,CB Gaffaney
1304092,Pune,2022-05-01,RD Gaikwad,"Maharashtra Cricket Association Stadium, Pune",0,Chennai Super Kings,Sunrisers Hyderabad,Sunrisers Hyderabad,field,Chennai Super Kings,runs,13,N,NA,AK Chaudhary,KN Ananthapadmanabhan
1304093,Mumbai,2022-05-02,RK Singh,"Wankhede Stadium, Mumbai",0,Rajasthan Royals,Kolkata Knight Riders,Kolkata Knight Riders,field,Kolkata Knight Riders,wickets,7,N,NA,J Madanagopal,N Pandit
1304094,Navi Mumbai,2022-05-03,K Rabada,"Dr DY Patil Sports Academy, Mumbai",0,Gujarat Titans,Punjab Kings,Gujarat Titans,bat,Punjab Kings,wickets,8,N,NA,R Pandit,VK Sharma
1304095,Pune,2022-05-04,HV Patel,"Maharashtra Cricket Association Stadium, Pune",0,Royal Challengers Bangalore,Chennai Super Kings,Chennai Super Kings,field,Royal Challengers Bangalore,runs,13,N,NA,KN Ananthapadmanabhan,MA Gough
1304096,Mumbai,2022-05-05,DA Warner,"Brabourne Stadium, Mumbai",0,Delhi Capitals,Sunrisers Hyderabad,Sunrisers Hyderabad,field,Delhi Capitals,runs,21,N,NA,Navdeep Singh,NA Patwardhan
1304097,Mumbai,2022-05-06,TH David,"Brabourne Stadium, Mumbai",0,Mumbai Indians,Gujarat Titans,Gujarat Titans,field,Mumbai Indians,runs,5,N,NA,J Madanagopal,GR Sadashiv Iyer
1304098,Mumbai,2022-05-07,YBK Jaiswal,"Wankhede Stadium, Mumbai",0,Punjab Kings,Rajasthan Royals,Punjab Kings,bat,Rajasthan Royals,wickets,6,N,NA,Chirra Ravikanthreddy,YC Barde
1304099,Pune,2022-05-07,Avesh Khan,"Maharashtra Cricket Association Stadium, Pune",0,Lucknow Super Giants,Kolkata Knight Riders,Kolkata Knight Riders,field,Lucknow Super Giants,runs,75,N,NA,AK Chaudhary,MA Gough
1304100,Mumbai,2022-05-08,PWH de Silva,"Wankhede Stadium, Mumbai",0,Royal Challengers Bangalore,Sunrisers Hyderabad,Royal Challengers Bangalore,bat,Royal Challengers Bangalore,runs,67,N,NA,BNJ Oxenford,N Pandit
1304101,Navi Mumbai,2022-05-08,DP Conway,"Dr DY Patil Sports Academy, Mumbai",0,Chennai Super Kings,Delhi Capitals,Delhi Capitals,field,Chennai Super Kings,runs,91,N,NA,Nitin Menon,R Pandit
1304102,Navi Mumbai,2022-05-09,JJ Bumrah,"Dr DY Patil Sports Academy, Mumbai",0,Kolkata Knight Riders,Mumbai Indians,Mumbai Indians,field,Kolkata Knight Riders,runs,52,N,NA,CB Gaffaney,GR Sadashiv Iyer
1304103,Pune,2022-05-10,Shubman Gill,"Maharashtra Cricket Association Stadium, Pune",0,Gujarat Titans,Lucknow Super Giants,Gujarat Titans,bat,Gujarat Titans,runs,62,N,NA,KN Ananthapadmanabhan,MA Gough
1304104,Navi Mumbai,2022-05-11,MR Marsh,"Dr DY Patil Sports Academy, Mumbai",0,Rajasthan Royals,Delhi Capitals,Delhi Capitals,field,Delhi Capitals,wickets,8,N,NA,NA Patwardhan,Nitin Menon
1304105,Mumbai,2022-05-12,DR Sams,"Wankhede Stadium, Mumbai",0,Chennai Super Kings,Mumbai Indians,Mumbai Indians,field,Mumbai Indians,wickets,5,N,NA,Chirra Ravikanthreddy,CB Gaffaney
1304106,Mumbai,2022-05-13,JM Bairstow,"Brabourne Stadium, Mumbai",0,Punjab Kings,Royal Challengers Bangalore,Royal Challengers Bangalore,field,Punjab Kings,runs,54,N,NA,J Madanagopal,N Pandit
1304107,Pune,2022-05-14,AD Russell,"Maharashtra Cricket Association Stadium, Pune",0,Kolkata Knight Riders,Sunrisers Hyderabad,Kolkata Knight Riders,bat,Kolkata Knight Riders,runs,54,N,NA,AK Chaudhary,KN Ananthapadmanabhan
1304108,Mumbai,2022-05-15,WP Saha,"Wankhede Stadium, Mumbai",0,Chennai Super Kings,Gujarat Titans,Chennai Super Kings,bat,Gujarat Titans,wickets,7,N,NA,R Pandit,VK Sharma
1304109,Mumbai,2022-05-15,TA Boult,"Brabourne Stadium, Mumbai",0,Rajasthan Royals,Lucknow Super Giants,Rajasthan Royals,bat,Rajasthan Royals,runs,24,N,NA,PG Pathak,Tapan Sharma
1304110,Navi Mumbai,2022-05-16,SN Thakur,"Dr DY Patil Sports Academy, Mumbai",0,Delhi Capitals,Punjab Kings,Punjab Kings,field,Delhi Capitals,runs,17,N,NA,GR Sadashiv Iyer,Nitin Menon
1304111,Mumbai,2022-05-17,RA Tripathi,"Wankhede Stadium, Mumbai",0,Sunrisers Hyderabad,Mumbai Indians,Mumbai Indians,field,Sunrisers Hyderabad,runs,3,N,NA,CB Gaffaney,N Pandit
1304112,Navi Mumbai,2022-05-18,Q de Kock,"Dr DY Patil Sports Academy, Mumbai",0,Lucknow Super Giants,Kolkata Knight Riders,Lucknow Super Giants,bat,Lucknow Super Giants,runs,2,N,NA,R Pandit,YC Barde
1304113,Mumbai,2022-05-19,V Kohli,"Wankhede Stadium, Mumbai",0,Gujarat Titans,Royal Challengers Bangalore,Gujarat Titans,bat,Royal Challengers Bangalore,wickets,8,N,NA,KN Ananthapadmanabhan,GR Sadashiv Iyer
1304114,Mumbai,2022-05-20,R Ashwin,"Brabourne Stadium, Mumbai",0,Chennai Super Kings,Rajasthan Royals,Chennai Super Kings,bat,Rajasthan Royals,wickets,5,N,NA,CB Gaffaney,NA Patwardhan
1304115,Mumbai,2022-05-21,JJ Bumrah,"Wankhede Stadium, Mumbai",0,Delhi Capitals,Mumbai Indians,Mumbai Indians,field,Mumbai Indians,wickets,5,N,NA,Nitin Menon,Tapan Sharma
1304116,Mumbai,2022-05-22,Harpreet Brar,"Wankhede Stadium, Mumbai",0,Sunrisers Hyderabad,Punjab Kings,Sunrisers Hyderabad,bat,Punjab Kings,wickets,5,N,NA,AK Chaudhary,NA Patwardhan
1312197,Kolkata,2022-05-24,DA Miller,"Eden Gardens, Kolkata",0,Rajasthan Royals,Gujarat Titans,Gujarat Titans,field,Gujarat Titans,wickets,7,N,NA,BNJ Oxenford,VK Sharma
1312198,Kolkata,2022-05-25,RM Patidar,"Eden Gardens, Kolkata",0,Royal Challengers Bangalore,Lucknow Super Giants,Lucknow Super Giants,field,Royal Challengers Bangalore,runs,14,N,NA,J Madanagopal,MA Gough
1312199,Ahmedabad,2022-05-27,JC Buttler,"Narendra Modi Stadium, Ahmedabad",0,Royal Challengers Bangalore,Rajasthan Royals,Rajasthan Royals,field,Rajasthan Royals,wickets,7,N,NA,CB Gaffaney,Nitin Menon
1312200,Ahmedabad,2022-05-29,HH Pandya,"Narendra Modi Stadium, Ahmedabad",0,Rajasthan Royals,Gujarat Titans,Rajasthan Royals,bat,Gujarat Titans,wickets,7,N,NA,CB Gaffaney,Nitin Menon
1359475,Ahmedabad,2023-03-31,Rashid Khan,"Narendra Modi Stadium, Ahmedabad",0,Chennai Super Kings,Gujarat Titans,Gujarat Titans,field,Gujarat Titans,wickets,5,N,NA,Nitin Menon,HAS Khalid
1359476,Chandigarh,2023-04-01,Arshdeep Singh,"Punjab Cricket Association IS Bindra Stadium, Mohali, Chandigarh",0,Punjab Kings,Kolkata Knight Riders,Kolkata Knight Riders,field,Punjab Kings,runs,7,N,D/L,BNJ Oxenford,YC Barde
1359477,Lucknow,2023-04-01,MA Wood,"Bharat Ratna Shri Atal Bihari Vajpayee Ekana Cricket Stadium, Lucknow",0,Lucknow Super Giants,Delhi Capitals,Delhi Capitals,field,Lucknow Super Giants,runs,50,N,NA,AK Chaudhary,NA Patwardhan
1359478,Hyderabad,2023-04-02,JC Buttler,"Rajiv Gandhi International Stadium, Uppal, Hyderabad",0,Rajasthan Royals,Sunrisers Hyderabad,Sunrisers Hyderabad,field,Rajasthan Royals,runs,72,N,NA,KN Ananthapadmanabhan,R Pandit
1359479,Bengaluru,2023-04-02,F du Plessis,"M Chinnaswamy Stadium, Bengaluru",0,Mumbai Indians,Royal Challengers Bangalore,Royal Challengers Bangalore,field,Royal Challengers Bangalore,wickets,8,N,NA,Nitin Menon,Tapan Sharma
1359480,Chennai,2023-04-03,MM Ali,"MA Chidambaram Stadium, Chepauk, Chennai",0,Chennai Super Kings,Lucknow Super Giants,Lucknow Super Giants,field,Chennai Super Kings,runs,12,N,NA,A Totre,BNJ Oxenford
1359481,Delhi,2023-04-04,B Sai Sudharsan,"Arun Jaitley Stadium, Delhi",0,Delhi Capitals,Gujarat Titans,Gujarat Titans,field,Gujarat Titans,wickets,6,N,NA,A Nand Kishore,GR Sadashiv Iyer
1359482,Guwahati,2023-04-05,NT Ellis,"Barsapara Cricket Stadium, Guwahati",0,Punjab Kings,Rajasthan Royals,Rajasthan Royals,field,Punjab Kings,runs,5,N,NA,KN Ananthapadmanabhan,MV Saidharshan Kumar
1359483,Kolkata,2023-04-06,SN Thakur,"Eden Gardens, Kolkata",0,Kolkata Knight Riders,Royal Challengers Bangalore,Royal Challengers Bangalore,field,Kolkata Knight Riders,runs,81,N,NA,Vinod Seshan,VK Sharma
1359484,Lucknow,2023-04-07,KH Pandya,"Bharat Ratna Shri Atal Bihari Vajpayee Ekana Cricket Stadium, Lucknow",0,Sunrisers Hyderabad,Lucknow Super Giants,Sunrisers Hyderabad,bat,Lucknow Super Giants,wickets,5,N,NA,J Madanagopal,YC Barde
1359485,Guwahati,2023-04-08,YBK Jaiswal,"Barsapara Cricket Stadium, Guwahati",0,Rajasthan Royals,Delhi Capitals,Delhi Capitals,field,Rajasthan Royals,runs,57,N,NA,Navdeep Singh,MV Saidharshan Kumar
1359486,Mumbai,2023-04-08,RA Jadeja,"Wankhede Stadium, Mumbai",0,Mumbai Indians,Chennai Super Kings,Chennai Super Kings,field,Chennai Super Kings,wickets,7,N,NA,CB Gaffaney,NA Patwardhan
1359487,Ahmedabad,2023-04-09,RK Singh,"Narendra Modi Stadium, Ahmedabad",0,Gujarat Titans,Kolkata Knight Riders,Gujarat Titans,bat,Kolkata Knight Riders,wickets,3,N,NA,Nitin Menon,Tapan Sharma
1359488,Hyderabad,2023-04-09,S Dhawan,"Rajiv Gandhi International Stadium, Uppal, Hyderabad",0,Punjab Kings,Sunrisers Hyderabad,Sunrisers Hyderabad,field,Sunrisers Hyderabad,wickets,8,N,NA,BNJ Oxenford,UV Gandhe
1359489,Bengaluru,2023-04-10,N Pooran,"M Chinnaswamy Stadium, Bengaluru",0,Royal Challengers Bangalore,Lucknow Super Giants,Lucknow Super Giants,field,Lucknow Super Giants,wickets,1,N,NA,AK Chaudhary,A Nand Kishore
1359490,Delhi,2023-04-11,RG Sharma,"Arun Jaitley Stadium, Delhi",0,Delhi Capitals,Mumbai Indians,Mumbai Indians,field,Mumbai Indians,wickets,6,N,NA,MA Gough,R Pandit
1359491,Chennai,2023-04-12,R Ashwin,"MA Chidambaram Stadium, Chepauk, Chennai",0,Rajasthan Royals,Chennai Super Kings,Chennai Super Kings,field,Rajasthan Royals,runs,3,N,NA,Vinod Seshan,VK Sharma
1359492,Chandigarh,2023-04-13,MM Sharma,"Punjab Cricket Association IS Bindra Stadium, Mohali, Chandigarh",0,Punjab Kings,Gujarat Titans,Gujarat Titans,field,Gujarat Titans,wickets,6,N,NA,A Totre,J Madanagopal
1359493,Kolkata,2023-04-14,HC Brook,"Eden Gardens, Kolkata",0,Sunrisers Hyderabad,Kolkata Knight Riders,Kolkata Knight Riders,field,Sunrisers Hyderabad,runs,23,N,NA,CB Gaffaney,GR Sadashiv Iyer
1359494,Bengaluru,2023-04-15,V Kohli,"M Chinnaswamy Stadium, Bengaluru",0,Royal Challengers Bangalore,Delhi Capitals,Delhi Capitals,field,Royal Challengers Bangalore,runs,23,N,NA,KN Ananthapadmanabhan,MV Saidharshan Kumar
1359495,Lucknow,2023-04-15,Sikandar Raza,"Bharat Ratna Shri Atal Bihari Vajpayee Ekana Cricket Stadium, Lucknow",0,Lucknow Super Giants,Punjab Kings,Punjab Kings,field,Punjab Kings,wickets,2,N,NA,HAS Khalid,VK Sharma
1359496,Mumbai,2023-04-16,VR Iyer,"Wankhede Stadium, Mumbai",0,Kolkata Knight Riders,Mumbai Indians,Mumbai Indians,field,Mumbai Indians,wickets,5,N,NA,BNJ Oxenford,UV Gandhe
1359497,Ahmedabad,2023-04-16,SO Hetmyer,"Narendra Modi Stadium, Ahmedabad",0,Gujarat Titans,Rajasthan Royals,Rajasthan Royals,field,Rajasthan Royals,wickets,3,N,NA,AK Chaudhary,CB Gaffaney
1359498,Bengaluru,2023-04-17,DP Conway,"M Chinnaswamy Stadium, Bengaluru",0,Chennai Super Kings,Royal Challengers Bangalore,Royal Challengers Bangalore,field,Chennai Super Kings,runs,8,N,NA,KN Ananthapadmanabhan,Navdeep Singh
1359499,Hyderabad,2023-04-18,C Green,"Rajiv Gandhi International Stadium, Uppal, Hyderabad",0,Mumbai Indians,Sunrisers Hyderabad,Sunrisers Hyderabad,field,Mumbai Indians,runs,14,N,NA,Nitin Menon,Vinod Seshan
1359500,Jaipur,2023-04-19,MP Stoinis,"Sawai Mansingh Stadium, Jaipur",0,Lucknow Super Giants,Rajasthan Royals,Rajasthan Royals,field,Lucknow Super Giants,runs,10,N,NA,J Madanagopal,YC Barde
1359501,Chandigarh,2023-04-20,Mohammed Siraj,"Punjab Cricket Association IS Bindra Stadium, Mohali, Chandigarh",0,Royal Challengers Bangalore,Punjab Kings,Punjab Kings,field,Royal Challengers Bangalore,runs,24,N,NA,AK Chaudhary,GR Sadashiv Iyer
1359502,Delhi,2023-04-20,I Sharma,"Arun Jaitley Stadium, Delhi",0,Kolkata Knight Riders,Delhi Capitals,Delhi Capitals,field,Delhi Capitals,wickets,4,N,NA,MA Gough,R Pandit
1359503,Chennai,2023-04-21,RA Jadeja,"MA Chidambaram Stadium, Chepauk, Chennai",0,Sunrisers Hyderabad,Chennai Super Kings,Chennai Super Kings,field,Chennai Super Kings,wickets,7,N,NA,HAS Khalid,VK Sharma
1359504,Lucknow,2023-04-22,MM Sharma,"Bharat Ratna Shri Atal Bihari Vajpayee Ekana Cricket Stadium, Lucknow",0,Gujarat Titans,Lucknow Super Giants,Gujarat Titans,bat,Gujarat Titans,runs,7,N,NA,A Totre,RJ Tucker
1359505,Mumbai,2023-04-22,SM Curran,"Wankhede Stadium, Mumbai",0,Punjab Kings,Mumbai Indians,Mumbai Indians,field,Punjab Kings,runs,13,N,NA,CB Gaffaney,GR Sadashiv Iyer
1359506,Bengaluru,2023-04-23,GJ Maxwell,"M Chinnaswamy Stadium, Bengaluru",0,Royal Challengers Bangalore,Rajasthan Royals,Rajasthan Royals,field,Royal Challengers Bangalore,runs,7,N,NA,MA Gough,MV Saidharshan Kumar
1359507,Kolkata,2023-04-23,AM Rahane,"Eden Gardens, Kolkata",0,Chennai Super Kings,Kolkata Knight Riders,Kolkata Knight Riders,field,Chennai Super Kings,runs,49,N,NA,Nitin Menon,Tapan Sharma
1359508,Hyderabad,2023-04-24,AR Patel,"Rajiv Gandhi International Stadium, Uppal, Hyderabad",0,Delhi Capitals,Sunrisers Hyderabad,Delhi Capitals,bat,Delhi Capitals,runs,7,N,NA,J Madanagopal,RJ Tucker
1359509,Ahmedabad,2023-04-25,A Manohar,"Narendra Modi Stadium, Ahmedabad",0,Gujarat Titans,Mumbai Indians,Mumbai Indians,field,Gujarat Titans,runs,55,N,NA,AK Chaudhary,A Nand Kishore
1359510,Bengaluru,2023-04-26,CV Varun,"M Chinnaswamy Stadium, Bengaluru",0,Kolkata Knight Riders,Royal Challengers Bangalore,Royal Challengers Bangalore,field,Kolkata Knight Riders,runs,21,N,NA,KN Ananthapadmanabhan,R Pandit
1359511,Jaipur,2023-04-27,YBK Jaiswal,"Sawai Mansingh Stadium, Jaipur",0,Rajasthan Royals,Chennai Super Kings,Rajasthan Royals,bat,Rajasthan Royals,runs,32,N,NA,A Totre,YC Barde
1359512,Chandigarh,2023-04-28,MP Stoinis,"Punjab Cricket Association IS Bindra Stadium, Mohali, Chandigarh",0,Lucknow Super Giants,Punjab Kings,Punjab Kings,field,Lucknow Super Giants,runs,56,N,NA,Nitin Menon,Vinod Seshan
1359513,Kolkata,2023-04-29,J Little,"Eden Gardens, Kolkata",0,Kolkata Knight Riders,Gujarat Titans,Gujarat Titans,field,Gujarat Titans,wickets,7,N,NA,NA Patwardhan,GR Sadashiv Iyer
1359514,Delhi,2023-04-29,MR Marsh,"Arun Jaitley Stadium, Delhi",0,Sunrisers Hyderabad,Delhi Capitals,Sunrisers Hyderabad,bat,Sunrisers Hyderabad,runs,9,N,NA,MA Gough,Navdeep Singh
1359515,Chennai,2023-04-30,DP Conway,"MA Chidambaram Stadium, Chepauk, Chennai",0,Chennai Super Kings,Punjab Kings,Chennai Super Kings,bat,Punjab Kings,wickets,4,N,NA,RJ Tucker,UV Gandhe
1359516,Mumbai,2023-04-30,YBK Jaiswal,"Wankhede Stadium, Mumbai",0,Rajasthan Royals,Mumbai Indians,Rajasthan Royals,bat,Mumbai Indians,wickets,6,N,NA,Vinod Seshan,VK Sharma
1359517,Lucknow,2023-05-01,F du Plessis,"Bharat Ratna Shri Atal Bihari Vajpayee Ekana Cricket Stadium, Lucknow",0,Royal Challengers Bangalore,Lucknow Super Giants,Royal Challengers Bangalore,bat,Royal Challengers Bangalore,runs,18,N,NA,AK Chaudhary,GR Sadashiv Iyer
1359518,Ahmedabad,2023-05-02,Mohammed Shami,"Narendra Modi Stadium, Ahmedabad",0,Delhi Capitals,Gujarat Titans,Delhi Capitals,bat,Delhi Capitals,runs,5,N,NA,MA Gough,R Pandit
1359519,Lucknow,2023-05-03,NA,"Bharat Ratna Shri Atal Bihari Vajpayee Ekana Cricket Stadium, Lucknow",0,Lucknow Super Giants,Chennai Super Kings,Chennai Super Kings,field,NA,no result,NA,N,NA,AK Chaudhary,NA Patwardhan
1359520,Chandigarh,2023-05-03,Ishan Kishan,"Punjab Cricket Association IS Bindra Stadium, Mohali, Chandigarh",0,Punjab Kings,Mumbai Indians,Mumbai Indians,field,Mumbai Indians,wickets,6,N,NA,J Madanagopal,RJ Tucker
1359521,Hyderabad,2023-05-04,CV Varun,"Rajiv Gandhi International Stadium, Uppal, Hyderabad",0,Kolkata Knight Riders,Sunrisers Hyderabad,Kolkata Knight Riders,bat,Kolkata Knight Riders,runs,5,N,NA,KN Ananthapadmanabhan,MA Gough
1359522,Jaipur,2023-05-05,Rashid Khan,"Sawai Mansingh Stadium, Jaipur",0,Rajasthan Royals,Gujarat Titans,Rajasthan Royals,bat,Gujarat Titans,wickets,9,N,NA,HAS Khalid,VK Sharma
1359523,Chennai,2023-05-06,M Pathirana,"MA Chidambaram Stadium, Chepauk, Chennai",0,Mumbai Indians,Chennai Super Kings,Chennai Super Kings,field,Chennai Super Kings,wickets,6,N,NA,BNJ Oxenford,Navdeep Singh
1359524,Delhi,2023-05-06,PD Salt,"Arun Jaitley Stadium, Delhi",0,Royal Challengers Bangalore,Delhi Capitals,Royal Challengers Bangalore,bat,Delhi Capitals,wickets,7,N,NA,RJ Tucker,YC Barde
1359525,Ahmedabad,2023-05-07,Shubman Gill,"Narendra Modi Stadium, Ahmedabad",0,Gujarat Titans,Lucknow Super Giants,Lucknow Super Giants,field,Gujarat Titans,runs,56,N,NA,AK Chaudhary,A Nand Kishore
1359526,Jaipur,2023-05-07,GD Phillips,"Sawai Mansingh Stadium, Jaipur",0,Rajasthan Royals,Sunrisers Hyderabad,Rajasthan Royals,bat,Sunrisers Hyderabad,wickets,4,N,NA,Nitin Menon,Vinod Seshan
1359527,Kolkata,2023-05-08,AD Russell,"Eden Gardens, Kolkata",0,Punjab Kings,Kolkata Knight Riders,Punjab Kings,bat,Kolkata Knight Riders,wickets,5,N,NA,A Totre,J Madanagopal
1359528,Mumbai,2023-05-09,SA Yadav,"Wankhede Stadium, Mumbai",0,Royal Challengers Bangalore,Mumbai Indians,Mumbai Indians,field,Mumbai Indians,wickets,6,N,NA,HAS Khalid,VK Sharma
1359529,Chennai,2023-05-10,RA Jadeja,"MA Chidambaram Stadium, Chepauk, Chennai",0,Chennai Super Kings,Delhi Capitals,Chennai Super Kings,bat,Chennai Super Kings,runs,27,N,NA,CB Gaffaney,NA Patwardhan
1359530,Kolkata,2023-05-11,YBK Jaiswal,"Eden Gardens, Kolkata",0,Kolkata Knight Riders,Rajasthan Royals,Rajasthan Royals,field,Rajasthan Royals,wickets,9,N,NA,RJ Tucker,MV Saidharshan Kumar
1359531,Mumbai,2023-05-12,SA Yadav,"Wankhede Stadium, Mumbai",0,Mumbai Indians,Gujarat Titans,Gujarat Titans,field,Mumbai Indians,runs,27,N,NA,Nitin Menon,Tapan Sharma
1359532,Hyderabad,2023-05-13,PN Mankad,"Rajiv Gandhi International Stadium, Uppal, Hyderabad",0,Sunrisers Hyderabad,Lucknow Super Giants,Sunrisers Hyderabad,bat,Lucknow Super Giants,wickets,7,N,NA,A Totre,J Madanagopal
1359533,Delhi,2023-05-13,P Simran Singh,"Arun Jaitley Stadium, Delhi",0,Punjab Kings,Delhi Capitals,Delhi Capitals,field,Punjab Kings,runs,31,N,NA,CB Gaffaney,NA Patwardhan
1359534,Jaipur,2023-05-14,WD Parnell,"Sawai Mansingh Stadium, Jaipur",0,Royal Challengers Bangalore,Rajasthan Royals,Royal Challengers Bangalore,bat,Royal Challengers Bangalore,runs,112,N,NA,KN Ananthapadmanabhan,Navdeep Singh
1359535,Chennai,2023-05-14,RK Singh,"MA Chidambaram Stadium, Chepauk, Chennai",0,Chennai Super Kings,Kolkata Knight Riders,Chennai Super Kings,bat,Kolkata Knight Riders,wickets,6,N,NA,Tapan Sharma,Vinod Seshan
1359536,Ahmedabad,2023-05-15,Shubman Gill,"Narendra Modi Stadium, Ahmedabad",0,Gujarat Titans,Sunrisers Hyderabad,Sunrisers Hyderabad,field,Gujarat Titans,runs,34,N,NA,J Madanagopal,UV Gandhe
1359537,Lucknow,2023-05-16,MP Stoinis,"Bharat Ratna Shri Atal Bihari Vajpayee Ekana Cricket Stadium, Lucknow",0,Lucknow Super Giants,Mumbai Indians,Mumbai Indians,field,Lucknow Super Giants,runs,5,N,NA,AK Chaudhary,A Nand Kishore
1359538,Dharamsala,2023-05-17,RR Rossouw,"Himachal Pradesh Cricket Association Stadium, Dharamsala",0,Delhi Capitals,Punjab Kings,Punjab Kings,field,Delhi Capitals,runs,15,N,NA,KN Ananthapadmanabhan,MV Saidharshan Kumar
1359539,Hyderabad,2023-05-18,V Kohli,"Rajiv Gandhi International Stadium, Uppal, Hyderabad",0,Sunrisers Hyderabad,Royal Challengers Bangalore,Royal Challengers Bangalore,field,Royal Challengers Bangalore,wickets,8,N,NA,BNJ Oxenford,VK Sharma
1359540,Dharamsala,2023-05-19,D Padikkal,"Himachal Pradesh Cricket Association Stadium, Dharamsala",0,Punjab Kings,Rajasthan Royals,Rajasthan Royals,field,Rajasthan Royals,wickets,4,N,NA,A Nand Kishore,RJ Tucker
1359541,Delhi,2023-05-20,RD Gaikwad,"Arun Jaitley Stadium, Delhi",0,Chennai Super Kings,Delhi Capitals,Chennai Super Kings,bat,Chennai Super Kings,runs,77,N,NA,CB Gaffaney,NA Patwardhan
1359542,Kolkata,2023-05-20,N Pooran,"Eden Gardens, Kolkata",0,Lucknow Super Giants,Kolkata Knight Riders,Kolkata Knight Riders,field,Lucknow Super Giants,runs,1,N,NA,J Madanagopal,UV Gandhe
1359543,Mumbai,2023-05-21,C Green,"Wankhede Stadium, Mumbai",0,Sunrisers Hyderabad,Mumbai Indians,Mumbai Indians,field,Mumbai Indians,wickets,8,N,NA,KN Ananthapadmanabhan,RJ Tucker
1359544,Bengaluru,2023-05-21,Shubman Gill,"M Chinnaswamy Stadium, Bengaluru",0,Royal Challengers Bangalore,Gujarat Titans,Gujarat Titans,field,Gujarat Titans,wickets,6,N,NA,Nitin Menon,VK Sharma
1370350,Chennai,2023-05-23,RD Gaikwad,"MA Chidambaram Stadium, Chepauk, Chennai",0,Chennai Super Kings,Gujarat Titans,Gujarat Titans,field,Chennai Super Kings,runs,15,N,NA,AK Chaudhary,CB Gaffaney
1370351,Chennai,2023-05-24,Akash Madhwal,"MA Chidambaram Stadium, Chepauk, Chennai",0,Mumbai Indians,Lucknow Super Giants,Mumbai Indians,bat,Mumbai Indians,runs,81,N,NA,BNJ Oxenford,VK Sharma
1370352,Ahmedabad,2023-05-26,Shubman Gill,"Narendra Modi Stadium, Ahmedabad",0,Gujarat Titans,Mumbai Indians,Mumbai Indians,field,Gujarat Titans,runs,62,N,NA,Nitin Menon,RJ Tucker
1370353,Ahmedabad,2023-05-29,DP Conway,"Narendra Modi Stadium, Ahmedabad",0,Gujarat Titans,Chennai Super Kings,Chennai Super Kings,field,Chennai Super Kings,wickets,5,N,D/L,Nitin Menon,RJ Tucker
1422119,Chennai,2024-03-22,Mustafizur Rahman,"MA Chidambaram Stadium, Chepauk, Chennai",0,Royal Challengers Bengaluru,Chennai Super Kings,Royal Challengers Bengaluru,bat,Chennai Super Kings,wickets,6,N,NA,HAS Khalid,VK Sharma
1422120,Mohali,2024-03-23,SM Curran,"Maharaja Yadavindra Singh International Cricket Stadium, Mullanpur",0,Delhi Capitals,Punjab Kings,Punjab Kings,field,Punjab Kings,wickets,4,N,NA,J Madanagopal,NA Patwardhan
1422121,Kolkata,2024-03-23,AD Russell,"Eden Gardens, Kolkata",0,Kolkata Knight Riders,Sunrisers Hyderabad,Sunrisers Hyderabad,field,Kolkata Knight Riders,runs,4,N,NA,R Pandit,YC Barde
1422122,Jaipur,2024-03-24,SV Samson,"Sawai Mansingh Stadium, Jaipur",0,Rajasthan Royals,Lucknow Super Giants,Rajasthan Royals,bat,Rajasthan Royals,runs,20,N,NA,A Totre,HDPK Dharmasena
1422123,Ahmedabad,2024-03-24,B Sai Sudharsan,"Narendra Modi Stadium, Ahmedabad",0,Gujarat Titans,Mumbai Indians,Mumbai Indians,field,Gujarat Titans,runs,6,N,NA,VA Kulkarni,VK Sharma
1422124,Bengaluru,2024-03-25,V Kohli,"M Chinnaswamy Stadium, Bengaluru",0,Punjab Kings,Royal Challengers Bengaluru,Royal Challengers Bengaluru,field,Royal Challengers Bengaluru,wickets,4,N,NA,AK Chaudhary,MV Saidharshan Kumar
1422125,Chennai,2024-03-26,S Dube,"MA Chidambaram Stadium, Chepauk, Chennai",0,Chennai Super Kings,Gujarat Titans,Gujarat Titans,field,Chennai Super Kings,runs,63,N,NA,AG Wharf,Tapan Sharma
1422126,Hyderabad,2024-03-27,Abhishek Sharma,"Rajiv Gandhi International Stadium, Uppal, Hyderabad",0,Sunrisers Hyderabad,Mumbai Indians,Mumbai Indians,field,Sunrisers Hyderabad,runs,31,N,NA,KN Ananthapadmanabhan,UV Gandhe
1422127,Jaipur,2024-03-28,R Parag,"Sawai Mansingh Stadium, Jaipur",0,Rajasthan Royals,Delhi Capitals,Delhi Capitals,field,Rajasthan Royals,runs,12,N,NA,A Nand Kishore,Nitin Menon
1422128,Bengaluru,2024-03-29,SP Narine,"M Chinnaswamy Stadium, Bengaluru",0,Royal Challengers Bengaluru,Kolkata Knight Riders,Kolkata Knight Riders,field,Kolkata Knight Riders,wickets,7,N,NA,AK Chaudhary,R Pandit
1422129,Lucknow,2024-03-30,MP Yadav,"Bharat Ratna Shri Atal Bihari Vajpayee Ekana Cricket Stadium, Lucknow",0,Lucknow Super Giants,Punjab Kings,Lucknow Super Giants,bat,Lucknow Super Giants,runs,21,N,NA,J Madanagopal,Navdeep Singh
1422130,Ahmedabad,2024-03-31,MM Sharma,"Narendra Modi Stadium, Ahmedabad",0,Sunrisers Hyderabad,Gujarat Titans,Sunrisers Hyderabad,bat,Gujarat Titans,wickets,7,N,NA,HAS Khalid,VK Sharma
1422131,Visakhapatnam,2024-03-31,KK Ahmed,"Dr. Y.S. Rajasekhara Reddy ACA-VDCA Cricket Stadium, Visakhapatnam",0,Delhi Capitals,Chennai Super Kings,Delhi Capitals,bat,Delhi Capitals,runs,20,N,NA,HDPK Dharmasena,Vinod Seshan
1422132,Mumbai,2024-04-01,TA Boult,"Wankhede Stadium, Mumbai",0,Mumbai Indians,Rajasthan Royals,Rajasthan Royals,field,Rajasthan Royals,wickets,6,N,NA,MV Saidharshan Kumar,YC Barde
1422133,Bengaluru,2024-04-02,MP Yadav,"M Chinnaswamy Stadium, Bengaluru",0,Lucknow Super Giants,Royal Challengers Bengaluru,Royal Challengers Bengaluru,field,Lucknow Super Giants,runs,28,N,NA,J Madanagopal,NA Patwardhan
1422134,Visakhapatnam,2024-04-03,SP Narine,"Dr. Y.S. Rajasekhara Reddy ACA-VDCA Cricket Stadium, Visakhapatnam",0,Kolkata Knight Riders,Delhi Capitals,Kolkata Knight Riders,bat,Kolkata Knight Riders,runs,106,N,NA,A Totre,UV Gandhe
1422135,Ahmedabad,2024-04-04,Shashank Singh,"Narendra Modi Stadium, Ahmedabad",0,Gujarat Titans,Punjab Kings,Punjab Kings,field,Punjab Kings,wickets,3,N,NA,Nitin Menon,VA Kulkarni
1422136,Hyderabad,2024-04-05,Abhishek Sharma,"Rajiv Gandhi International Stadium, Uppal, Hyderabad",0,Chennai Super Kings,Sunrisers Hyderabad,Sunrisers Hyderabad,field,Sunrisers Hyderabad,wickets,6,N,NA,R Pandit,YC Barde
1422137,Jaipur,2024-04-06,JC Buttler,"Sawai Mansingh Stadium, Jaipur",0,Royal Challengers Bengaluru,Rajasthan Royals,Rajasthan Royals,field,Rajasthan Royals,wickets,6,N,NA,AG Wharf,Tapan Sharma
1422138,Mumbai,2024-04-07,R Shepherd,"Wankhede Stadium, Mumbai",0,Mumbai Indians,Delhi Capitals,Delhi Capitals,field,Mumbai Indians,runs,29,N,NA,HDPK Dharmasena,UV Gandhe
1422139,Lucknow,2024-04-07,Yash Thakur,"Bharat Ratna Shri Atal Bihari Vajpayee Ekana Cricket Stadium, Lucknow",0,Lucknow Super Giants,Gujarat Titans,Lucknow Super Giants,bat,Lucknow Super Giants,runs,33,N,NA,A Nand Kishore,VK Sharma
1426260,Chennai,2024-04-08,RA Jadeja,"MA Chidambaram Stadium, Chepauk, Chennai",0,Kolkata Knight Riders,Chennai Super Kings,Chennai Super Kings,field,Chennai Super Kings,wickets,7,N,NA,AK Chaudhary,MV Saidharshan Kumar
1426261,Mohali,2024-04-09,Nithish Kumar Reddy,"Maharaja Yadavindra Singh International Cricket Stadium, Mullanpur",0,Sunrisers Hyderabad,Punjab Kings,Punjab Kings,field,Sunrisers Hyderabad,runs,2,N,NA,Navdeep Singh,NA Patwardhan
1426262,Jaipur,2024-04-10,Rashid Khan,"Sawai Mansingh Stadium, Jaipur",0,Rajasthan Royals,Gujarat Titans,Gujarat Titans,field,Gujarat Titans,wickets,3,N,NA,HDPK Dharmasena,Vinod Seshan
1426263,Mumbai,2024-04-11,JJ Bumrah,"Wankhede Stadium, Mumbai",0,Royal Challengers Bengaluru,Mumbai Indians,Mumbai Indians,field,Mumbai Indians,wickets,7,N,NA,Nitin Menon,VA Kulkarni
1426264,Lucknow,2024-04-12,Kuldeep Yadav,"Bharat Ratna Shri Atal Bihari Vajpayee Ekana Cricket Stadium, Lucknow",0,Lucknow Super Giants,Delhi Capitals,Lucknow Super Giants,bat,Delhi Capitals,wickets,6,N,NA,R Pandit,YC Barde
1426265,Mohali,2024-04-13,SO Hetmyer,"Maharaja Yadavindra Singh International Cricket Stadium, Mullanpur",0,Punjab Kings,Rajasthan Royals,Rajasthan Royals,field,Rajasthan Royals,wickets,3,N,NA,AK Chaudhary,Tapan Sharma
1426266,Kolkata,2024-04-14,PD Salt,"Eden Gardens, Kolkata",0,Lucknow Super Giants,Kolkata Knight Riders,Kolkata Knight Riders,field,Kolkata Knight Riders,wickets,8,N,NA,A Totre,Vinod Seshan
1426267,Mumbai,2024-04-14,M Pathirana,"Wankhede Stadium, Mumbai",0,Chennai Super Kings,Mumbai Indians,Mumbai Indians,field,Chennai Super Kings,runs,20,N,NA,Nitin Menon,HAS Khalid
1426268,Bengaluru,2024-04-15,TM Head,"M Chinnaswamy Stadium, Bengaluru",0,Sunrisers Hyderabad,Royal Challengers Bengaluru,Royal Challengers Bengaluru,field,Sunrisers Hyderabad,runs,25,N,NA,AK Chaudhary,R Pandit
1426269,Kolkata,2024-04-16,JC Buttler,"Eden Gardens, Kolkata",0,Kolkata Knight Riders,Rajasthan Royals,Rajasthan Royals,field,Rajasthan Royals,wickets,2,N,NA,MA Gough,UV Gandhe
1426270,Ahmedabad,2024-04-17,RR Pant,"Narendra Modi Stadium, Ahmedabad",0,Gujarat Titans,Delhi Capitals,Delhi Capitals,field,Delhi Capitals,wickets,6,N,NA,NA Patwardhan,VK Sharma
1426271,Mohali,2024-04-18,JJ Bumrah,"Maharaja Yadavindra Singh International Cricket Stadium, Mullanpur",0,Mumbai Indians,Punjab Kings,Punjab Kings,field,Mumbai Indians,runs,9,N,NA,A Nand Kishore,VA Kulkarni
1426272,Lucknow,2024-04-19,KL Rahul,"Bharat Ratna Shri Atal Bihari Vajpayee Ekana Cricket Stadium, Lucknow",0,Chennai Super Kings,Lucknow Super Giants,Lucknow Super Giants,field,Lucknow Super Giants,wickets,8,N,NA,AK Chaudhary,R Pandit
1426273,Delhi,2024-04-20,TM Head,"Arun Jaitley Stadium, Delhi",0,Sunrisers Hyderabad,Delhi Capitals,Delhi Capitals,field,Sunrisers Hyderabad,runs,67,N,NA,J Madanagopal,Navdeep Singh
1426274,Kolkata,2024-04-21,AD Russell,"Eden Gardens, Kolkata",0,Kolkata Knight Riders,Royal Challengers Bengaluru,Royal Challengers Bengaluru,field,Kolkata Knight Riders,runs,1,N,NA,A Totre,Vinod Seshan
1426275,Mohali,2024-04-21,R Sai Kishore,"Maharaja Yadavindra Singh International Cricket Stadium, Mullanpur",0,Punjab Kings,Gujarat Titans,Punjab Kings,bat,Gujarat Titans,wickets,3,N,NA,A Nand Kishore,VA Kulkarni
1426276,Jaipur,2024-04-22,Sandeep Sharma,"Sawai Mansingh Stadium, Jaipur",0,Mumbai Indians,Rajasthan Royals,Mumbai Indians,bat,Rajasthan Royals,wickets,9,N,NA,AK Chaudhary,MV Saidharshan Kumar
1426277,Chennai,2024-04-23,MP Stoinis,"MA Chidambaram Stadium, Chepauk, Chennai",0,Chennai Super Kings,Lucknow Super Giants,Lucknow Super Giants,field,Lucknow Super Giants,wickets,6,N,NA,NA Patwardhan,Tapan Sharma
1426278,Delhi,2024-04-24,RR Pant,"Arun Jaitley Stadium, Delhi",0,Delhi Capitals,Gujarat Titans,Gujarat Titans,field,Delhi Capitals,runs,4,N,NA,KN Ananthapadmanabhan,UV Gandhe
1426279,Hyderabad,2024-04-25,RM Patidar,"Rajiv Gandhi International Stadium, Uppal, Hyderabad",0,Royal Challengers Bengaluru,Sunrisers Hyderabad,Royal Challengers Bengaluru,bat,Royal Challengers Bengaluru,runs,35,N,NA,Nitin Menon,HAS Khalid
1426280,Kolkata,2024-04-26,JM Bairstow,"Eden Gardens, Kolkata",0,Kolkata Knight Riders,Punjab Kings,Punjab Kings,field,Punjab Kings,wickets,8,N,NA,AK Chaudhary,YC Barde
1426281,Delhi,2024-04-27,J Fraser-McGurk,"Arun Jaitley Stadium, Delhi",0,Delhi Capitals,Mumbai Indians,Mumbai Indians,field,Delhi Capitals,runs,10,N,NA,Navdeep Singh,NA Patwardhan
1426282,Lucknow,2024-04-27,SV Samson,"Bharat Ratna Shri Atal Bihari Vajpayee Ekana Cricket Stadium, Lucknow",0,Lucknow Super Giants,Rajasthan Royals,Rajasthan Royals,field,Rajasthan Royals,wickets,7,N,NA,KN Ananthapadmanabhan,MA Gough
1426283,Ahmedabad,2024-04-28,WG Jacks,"Narendra Modi Stadium, Ahmedabad",0,Gujarat Titans,Royal Challengers Bengaluru,Royal Challengers Bengaluru,field,Royal Challengers Bengaluru,wickets,9,N,NA,Nitin Menon,VK Sharma
1426284,Chennai,2024-04-28,RD Gaikwad,"MA Chidambaram Stadium, Chepauk, Chennai",0,Chennai Super Kings,Sunrisers Hyderabad,Sunrisers Hyderabad,field,Chennai Super Kings,runs,78,N,NA,R Pandit,MV Saidharshan Kumar
1426285,Kolkata,2024-04-29,CV Varun,"Eden Gardens, Kolkata",0,Delhi Capitals,Kolkata Knight Riders,Delhi Capitals,bat,Kolkata Knight Riders,wickets,7,N,NA,Navdeep Singh,Tapan Sharma
1426286,Lucknow,2024-04-30,MP Stoinis,"Bharat Ratna Shri Atal Bihari Vajpayee Ekana Cricket Stadium, Lucknow",0,Mumbai Indians,Lucknow Super Giants,Lucknow Super Giants,field,Lucknow Super Giants,wickets,4,N,NA,MA Gough,UV Gandhe
1426287,Chennai,2024-05-01,Harpreet Brar,"MA Chidambaram Stadium, Chepauk, Chennai",0,Chennai Super Kings,Punjab Kings,Punjab Kings,field,Punjab Kings,wickets,7,N,NA,HAS Khalid,VK Sharma
1426288,Hyderabad,2024-05-02,B Kumar,"Rajiv Gandhi International Stadium, Uppal, Hyderabad",0,Sunrisers Hyderabad,Rajasthan Royals,Sunrisers Hyderabad,bat,Sunrisers Hyderabad,runs,1,N,NA,AK Chaudhary,YC Barde
1426289,Mumbai,2024-05-03,VR Iyer,"Wankhede Stadium, Mumbai",0,Kolkata Knight Riders,Mumbai Indians,Mumbai Indians,field,Kolkata Knight Riders,runs,24,N,NA,J Madanagopal,Tapan Sharma
1426290,Bengaluru,2024-05-04,Mohammed Siraj,"M Chinnaswamy Stadium, Bengaluru",0,Gujarat Titans,Royal Challengers Bengaluru,Royal Challengers Bengaluru,field,Royal Challengers Bengaluru,wickets,4,N,NA,A Totre,Vinod Seshan
1426291,Dharamsala,2024-05-05,RA Jadeja,"Himachal Pradesh Cricket Association Stadium, Dharamsala",0,Chennai Super Kings,Punjab Kings,Punjab Kings,field,Chennai Super Kings,runs,28,N,NA,A Nand Kishore,VA Kulkarni
1426292,Lucknow,2024-05-05,SP Narine,"Bharat Ratna Shri Atal Bihari Vajpayee Ekana Cricket Stadium, Lucknow",0,Kolkata Knight Riders,Lucknow Super Giants,Lucknow Super Giants,field,Kolkata Knight Riders,runs,98,N,NA,MV Saidharshan Kumar,YC Barde
1426293,Mumbai,2024-05-06,SA Yadav,"Wankhede Stadium, Mumbai",0,Sunrisers Hyderabad,Mumbai Indians,Mumbai Indians,field,Mumbai Indians,wickets,7,N,NA,Navdeep Singh,Tapan Sharma
1426294,Delhi,2024-05-07,Kuldeep Yadav,"Arun Jaitley Stadium, Delhi",0,Delhi Capitals,Rajasthan Royals,Rajasthan Royals,field,Delhi Capitals,runs,20,N,NA,KN Ananthapadmanabhan,UV Gandhe
1426295,Hyderabad,2024-05-08,TM Head,"Rajiv Gandhi International Stadium, Uppal, Hyderabad",0,Lucknow Super Giants,Sunrisers Hyderabad,Lucknow Super Giants,bat,Sunrisers Hyderabad,wickets,10,N,NA,MV Saidharshan Kumar,YC Barde
1426296,Dharamsala,2024-05-09,V Kohli,"Himachal Pradesh Cricket Association Stadium, Dharamsala",0,Royal Challengers Bengaluru,Punjab Kings,Punjab Kings,field,Royal Challengers Bengaluru,runs,60,N,NA,Nitin Menon,HAS Khalid
1426297,Ahmedabad,2024-05-10,Shubman Gill,"Narendra Modi Stadium, Ahmedabad",0,Gujarat Titans,Chennai Super Kings,Chennai Super Kings,field,Gujarat Titans,runs,35,N,NA,KN Ananthapadmanabhan,NA Patwardhan
1426298,Kolkata,2024-05-11,CV Varun,"Eden Gardens, Kolkata",0,Kolkata Knight Riders,Mumbai Indians,Mumbai Indians,field,Kolkata Knight Riders,runs,18,N,NA,UV Gandhe,Vinod Seshan
1426299,Chennai,2024-05-12,Simarjeet Singh,"MA Chidambaram Stadium, Chepauk, Chennai",0,Rajasthan Royals,Chennai Super Kings,Rajasthan Royals,bat,Chennai Super Kings,wickets,5,N,NA,R Pandit,YC Barde
1426300,Bengaluru,2024-05-12,C Green,"M Chinnaswamy Stadium, Bengaluru",0,Royal Challengers Bengaluru,Delhi Capitals,Delhi Capitals,field,Royal Challengers Bengaluru,runs,47,N,NA,A Nand Kishore,VA Kulkarni
1426302,Delhi,2024-05-14,I Sharma,"Arun Jaitley Stadium, Delhi",0,Delhi Capitals,Lucknow Super Giants,Lucknow Super Giants,field,Delhi Capitals,runs,19,N,NA,A Totre,Vinod Seshan
1426303,Guwahati,2024-05-15,SM Curran,"Barsapara Cricket Stadium, Guwahati",0,Rajasthan Royals,Punjab Kings,Rajasthan Royals,bat,Punjab Kings,wickets,5,N,NA,R Pandit,MV Saidharshan Kumar
1426305,Mumbai,2024-05-17,N Pooran,"Wankhede Stadium, Mumbai",0,Lucknow Super Giants,Mumbai Indians,Mumbai Indians,field,Lucknow Super Giants,runs,18,N,NA,Navdeep Singh,R Pandit
1426306,Bengaluru,2024-05-18,F du Plessis,"M Chinnaswamy Stadium, Bengaluru",0,Royal Challengers Bengaluru,Chennai Super Kings,Chennai Super Kings,field,Royal Challengers Bengaluru,runs,27,N,NA,A Totre,KN Ananthapadmanabhan
1426307,Hyderabad,2024-05-19,Abhishek Sharma,"Rajiv Gandhi International Stadium, Uppal, Hyderabad",0,Punjab Kings,Sunrisers Hyderabad,Punjab Kings,bat,Sunrisers Hyderabad,wickets,4,N,NA,Nitin Menon,VK Sharma
1426309,Ahmedabad,2024-05-21,MA Starc,"Narendra Modi Stadium, Ahmedabad",0,Sunrisers Hyderabad,Kolkata Knight Riders,Sunrisers Hyderabad,bat,Kolkata Knight Riders,wickets,8,N,NA,AK Chaudhary,R Pandit
1426310,Ahmedabad,2024-05-22,R Ashwin,"Narendra Modi Stadium, Ahmedabad",0,Royal Challengers Bengaluru,Rajasthan Royals,Rajasthan Royals,field,Rajasthan Royals,wickets,4,N,NA,KN Ananthapadmanabhan,MV Saidharshan Kumar
1426311,Chennai,2024-05-24,Shahbaz Ahmed,"MA Chidambaram Stadium, Chepauk, Chennai",0,Sunrisers Hyderabad,Rajasthan Royals,Rajasthan Royals,field,Sunrisers Hyderabad,runs,36,N,NA,Nitin Menon,VK Sharma
1426312,Chennai,2024-05-26,MA Starc,"MA Chidambaram Stadium, Chepauk, Chennai",0,Sunrisers Hyderabad,Kolkata Knight Riders,Sunrisers Hyderabad,bat,Kolkata Knight Riders,wickets,8,N,NA,J Madanagopal,Nitin Menon